Topic,Top_Words
Topic 0,"images, sexual, generated, intimate, law, computer, child, dissemination, content, offenses"
Topic 1,"ai, defense, requires, intelligence, secretary, technologies, artificial, artificial intelligence, systems, department"
Topic 2,"ai, data, research, program, noaa, requires, intelligence, including, artificial intelligence, weather"
Topic 3,"task force, task, force, requires task, surveillance, tech, legislation, december, recommend, members"
Topic 4,"synthetic media, synthetic, international, media, election, ai development, public, limits, audio, military"
Topic 5,"ai, genai, medical, device, education, 2024, frameworks, term, workforce, factors"
Topic 6,"systems, autonomous, ai, industries, potential, operators, decision systems, information, services, security"
Topic 7,"media, election, generated, candidates, political, synthetic media, disclaimers, content, ai generated, relief"
Topic 8,"ai, tool, technologies, 000, secure, task, requires, risk, technology, international"
Topic 9,"software, ai, program, federal, director national, requires, university, vehicle, support, international"
